{"class_2_f1":0.7222222222222222,"accuracy":0.6666666666666666,"class_0_f1":0.8484848484848485,"class_1_f1":0.2857142857142857,"class_1_precision":0.375,"_runtime":2,"_wandb":{"runtime":2},"class_2_precision":0.5652173913043478,"class_1_recall":0.23076923076923078,"_timestamp":1.7616265778714643e+09,"class_0_recall":0.7368421052631579,"class_2_recall":1,"confusion_matrix":{"size":16401,"path":"media/images/confusion_matrix_5_fad071eedb89502af50e.png","format":"png","width":400,"height":400,"_type":"image-file","sha256":"fad071eedb89502af50e8820e66deca73981a85ead32e1c8f0bd6c67c0b374ef"},"class_0_precision":1,"_step":5}