{"class_2_precision":0.5909090909090909,"accuracy":0.7777777777777778,"class_0_precision":1,"class_2_f1":0.7428571428571429,"class_1_precision":0.8,"_timestamp":1.761626785975644e+09,"class_1_f1":0.4444444444444444,"class_0_f1":0.972972972972973,"_runtime":2,"class_2_recall":1,"confusion_matrix":{"size":16313,"path":"media/images/confusion_matrix_5_a7a257fbf0d520e8d678.png","format":"png","width":400,"height":400,"_type":"image-file","sha256":"a7a257fbf0d520e8d678b327124b3f6251732ed4e9c2ff2f937309e4ed7f8d59"},"_step":5,"class_0_recall":0.9473684210526315,"_wandb":{"runtime":2},"class_1_recall":0.3076923076923077}