{"class_1_precision":0.14285714285714285,"class_1_recall":0.07692307692307693,"_runtime":2,"_step":5,"_timestamp":1.7616267739355888e+09,"class_2_recall":1,"class_2_f1":0.6842105263157895,"accuracy":0.6,"class_0_f1":0.8125,"class_1_f1":0.1,"_wandb":{"runtime":2},"class_0_precision":1,"confusion_matrix":{"format":"png","width":400,"height":400,"_type":"image-file","sha256":"4fbe72a2eafc2c7f28733482d20d7906a2580a2c733b2e861cca5da991c295b8","size":16346,"path":"media/images/confusion_matrix_5_4fbe72a2eafc2c7f2873.png"},"class_2_precision":0.52,"class_0_recall":0.6842105263157895}