{"_step":5,"class_2_f1":0.7222222222222222,"class_1_precision":0.3,"class_1_f1":0.2608695652173913,"class_2_precision":0.5652173913043478,"class_0_recall":0.631578947368421,"_wandb":{"runtime":2},"class_1_recall":0.23076923076923078,"class_0_f1":0.7741935483870968,"confusion_matrix":{"path":"media/images/confusion_matrix_5_0c2e0a492c58e1ba0069.png","format":"png","width":400,"height":400,"_type":"image-file","sha256":"0c2e0a492c58e1ba006926a42ad3a28959c322dc910ff33a30328753b2e6fe80","size":16403},"_runtime":2,"accuracy":0.6222222222222222,"class_2_recall":1,"_timestamp":1.7616267085481405e+09,"class_0_precision":1}